{"cameraMode":{"drawMode":0,"name":"Shaded","section":"Shading Mode"},"sceneLighting":false,"audioPlay":false,"sceneViewState":{"m_AlwaysRefresh":false,"showFog":true,"showSkybox":false,"showFlares":true,"showImageEffects":true,"showParticleSystems":true,"showVisualEffectGraphs":true,"m_FxEnabled":true},"in2DMode":false,"pivot":{"x":-5.9731221199035648,"y":8.037677764892579,"z":-0.11293601989746094},"rotation":{"x":-0.16307877004146577,"y":-0.000891546776983887,"z":0.00014722072228323668,"w":-0.9866183400154114},"size":9.988892555236817,"orthographic":false}