{"cameraMode":{"drawMode":0,"name":"Shaded","section":"Shading Mode"},"sceneLighting":true,"audioPlay":false,"sceneViewState":{"m_AlwaysRefresh":false,"showFog":true,"showSkybox":true,"showFlares":true,"showImageEffects":true,"showParticleSystems":true,"showVisualEffectGraphs":true,"m_FxEnabled":true},"in2DMode":false,"pivot":{"x":-0.21534967422485352,"y":1.1036839485168458,"z":3.2626867294311525},"rotation":{"x":0.03945768624544144,"y":-0.32178136706352236,"z":-0.013423864729702473,"w":-0.9459025263786316},"size":1.4144344329833985,"orthographic":false}